{"cameraMode":{"drawMode":0,"name":"Shaded","section":"Shading Mode"},"sceneLighting":true,"audioPlay":false,"sceneViewState":{"m_AlwaysRefresh":false,"showFog":true,"showSkybox":true,"showFlares":true,"showImageEffects":true,"showParticleSystems":true,"showVisualEffectGraphs":true,"m_FxEnabled":true},"in2DMode":false,"pivot":{"x":-0.9259718656539917,"y":-4.356120586395264,"z":9.097033500671387},"rotation":{"x":-0.2268403172492981,"y":0.024537023156881334,"z":-0.005724073853343725,"w":-0.9736331701278687},"size":10.716024398803711,"orthographic":false}